768,62.49660299,0,9:52:26
776,65.3855878,0,9:52:27
766,65.76051071,0,9:52:28
663,67.07063118,0,9:52:29
675,55.25357127,0,9:52:30
686,50.31747687,0,9:52:31
881,59.60915785,0,9:52:32
893,52.50624902,0,9:52:33
883,57.08612084,0,9:52:34
872,55.14792058,1,9:52:35
890,61.78396734,1,9:52:36
898,54.6478752,2,9:52:37
899,49.27785978,3,9:52:38
885,59.25685362,3,9:52:39
837,73.89034908,3,9:52:40
842,53.44195716,3,9:52:41
835,68.23239412,3,9:52:42
831,50.7563819,3,9:52:43
834,76.46165593,3,9:52:44
831,77.12974426,3,9:52:45
829,73.17739184,3,9:52:46
831,52.29794432,3,9:52:47
829,52.9476594,3,9:52:48
830,56.08278865,3,9:52:49
833,58.94867444,3,9:52:50
841,54.48551739,3,9:52:51
856,50.83158488,3,9:52:52
858,49.60013886,3,9:52:53
858,56.15070056,3,9:52:54
863,51.12605002,5,9:52:55
861,56.21808561,5,9:52:56
852,59.13297158,5,9:52:57
399,57.62769314,5,9:52:58
553,56.45643291,5,9:52:59
620,58.49591992,5,9:53:00
622,50.68052212,5,9:53:01
660,55.43174962,5,9:53:02
663,53.49722281,5,9:53:03
660,64.92011808,5,9:53:04
658,51.43417664,5,9:53:05
662,53.92712777,5,9:53:06
663,59.77117914,5,9:53:07
662,67.51692873,5,9:53:08
675,67.44350572,5,9:53:09
635,68.13080361,5,9:53:10
114,62.95352648,5,9:53:11
44,89.63401097,5,9:53:12
340,57.60483552,5,9:53:13
267,55.54853645,5,9:53:14
87,68.72325294,5,9:53:15
61,72.582073,5,9:53:16
57,90.30873362,5,9:53:17
54,55.11749711,5,9:53:18
50,66.19260335,5,9:53:19
45,63.20336586,5,9:53:20
41,64.73074523,5,9:53:21
36,78.58837851,5,9:53:22
15,59.52699958,5,9:53:23
0,79.3444052,5,9:53:24
0,90.30873362,5,9:53:25
0,44.55773409,5,9:53:26
0,47.53153914,5,9:53:27
0,59.16171697,5,9:53:28
0,59.85990197,5,9:53:29
0,65.70214059,5,9:53:30
0,59.67252574,5,9:53:31
0,64.10950073,5,9:53:32
0,49.54242509,5,9:53:33
0,60.48971335,5,9:53:34
0,68.38589444,5,9:53:35
0,68.28609376,5,9:53:36
0,71.23633329,5,9:53:37
0,65.68410135,5,9:53:38
0,54.28659519,5,9:53:39
0,66.95440434,5,9:53:40
0,57.50122527,5,9:53:41
0,57.62769314,5,9:53:42
0,57.47803196,5,9:53:43
0,63.89028684,5,9:53:44
0,64.81597542,5,9:53:45
0,64.87563832,5,9:53:46
0,69.47265854,5,9:53:47
0,62.27886705,5,9:53:48
0,63.04576689,5,9:53:49
0,62.79758173,5,9:53:50
0,62.51612916,5,9:53:51
0,58.9290453,5,9:53:52
0,57.80842038,5,9:53:53
0,57.46641204,5,9:53:54
0,64.41784498,5,9:53:55
0,68.51068441,8,9:53:56
0,69.15158294,8,9:53:57
0,63.93457445,8,9:53:58
0,58.53713418,8,9:53:59
0,67.68348278,8,9:54:00
0,52.5677786,8,9:54:01
0,65.89813821,8,9:54:02
0,58.14822722,8,9:54:03
0,62.29221968,8,9:54:04
0,58.8003631,8,9:54:05
0,58.8003631,8,9:54:06
0,56.24489394,8,9:54:07
0,53.46041814,8,9:54:08
0,53.57036758,8,9:54:09
0,64.61919111,8,9:54:10
0,63.03352462,8,9:54:11
0,61.05387884,8,9:54:12
0,69.32251741,8,9:54:13
0,70.13551073,8,9:54:14
0,67.60422483,8,9:54:15
0,67.94489162,0,9:54:16
0,62.17130047,0,9:54:17
0,61.81221416,0,9:54:18
0,66.04228754,0,9:54:19
0,61.83333915,0,9:54:20
0,62.34542591,0,9:54:21
0,62.68991712,0,9:54:22
0,60.89863092,0,9:54:23
0,54.2023473,0,9:54:24
0,57.78603405,0,9:54:25
0,67.67630732,0,9:54:26
0,59.64542466,0,9:54:27
0,53.60671027,0,9:54:28
0,60.48971335,0,9:54:29
0,61.85441289,0,9:54:30
0,58.36060674,0,9:54:31
0,67.05522383,0,9:54:32
0,52.78972979,0,9:54:33
0,60.28200643,0,9:54:34
0,61.26666718,0,9:54:35
0,72.96134259,0,9:54:36
0,62.47049962,0,9:54:37
0,59.22842188,0,9:54:38
0,65.68410135,0,9:54:39
0,52.90844539,0,9:54:40
0,79.90129068,0,9:54:41
0,89.18905604,0,9:54:42
0,81.70367016,0,9:54:43
0,90.29732768,0,9:54:44
2,90.30873362,0,9:54:45
0,87.88097442,0,9:54:46
0,89.42025703,0,9:54:47
0,81.83122896,0,9:54:48
0,70.34655765,0,9:54:49
0,79.18178229,0,9:54:50
0,68.30280704,0,9:54:51
0,75.37276202,0,9:54:52
0,77.40573658,0,9:54:53
0,84.96535207,0,9:54:54
0,84.42932804,0,9:54:55
0,58.5985912,0,9:54:56
0,48.65938582,0,9:54:57
0,50.13010065,0,9:54:58
0,59.19989677,0,9:54:59
0,88.30046912,1,9:55:00
0,68.17158251,2,9:55:01
0,80.00954923,2,9:55:02
0,90.30873362,2,9:55:03
0,64.73074523,2,9:55:04
0,73.83753645,6,9:55:05
0,72.0063866,6,9:55:06
0,75.8028873,6,9:55:07
0,72.29372685,6,9:55:08
0,60.99211225,6,9:55:09
0,78.9751036,6,9:55:10
0,56.17771735,6,9:55:11
0,64.16345053,13,9:55:12
0,82.76036679,14,9:55:13
0,72.01292471,15,9:55:14
0,65.92013339,0,9:55:15
0,64.49583913,0,9:55:16
0,55.28352265,0,9:55:17
0,65.92013339,0,9:55:18
0,54.87019529,0,9:55:19
0,52.8492904,0,9:55:20
0,67.50595476,0,9:55:21
0,57.44312545,0,9:55:22
0,55.861832,0,9:55:23
0,58.96825932,0,9:55:24
0,82.6752477,0,9:55:25
0,66.70514513,0,9:55:26
0,65.14396852,0,9:55:27
0,75.26406601,0,9:55:28
0,55.05632862,0,9:55:29
0,59.29461842,0,9:55:30
0,59.59096749,0,9:55:31
0,64.57313916,0,9:55:32
0,59.30403402,0,9:55:33
0,51.17417141,0,9:55:34
0,56.68841407,0,9:55:35
0,49.03572871,0,9:55:36
0,62.95352648,0,9:55:37
0,64.63448767,0,9:55:38
0,56.13716059,0,9:55:39
0,57.51279874,0,9:55:40
0,59.23790947,0,9:55:41
0,64.51651983,0,9:55:42
0,60.31557513,0,9:55:43
0,59.42551697,0,9:55:44
0,58.99755408,0,9:55:45
0,76.97117144,0,9:55:46
0,53.40491706,0,9:55:47
0,61.94514619,0,9:55:48
0,57.09826045,0,9:55:49
0,62.54857556,0,9:55:50
0,61.53280887,0,9:55:51
0,58.22315217,0,9:55:52
0,60.53883256,0,9:55:53
0,71.92534253,0,9:55:54
0,67.15869694,0,9:55:55
0,64.50101392,0,9:55:56
0,60.5795541,0,9:55:57
0,62.99054028,0,9:55:58
0,57.84189205,0,9:55:59
0,62.49660299,0,9:56:00
0,62.12381795,0,9:56:01
0,60.89079521,0,9:56:02
0,72.4711878,0,9:56:03
0,60.50611731,0,9:56:04
0,65.18231688,0,9:56:05
0,63.45205862,0,9:56:06
0,57.7298145,0,9:56:07
0,66.43610968,0,9:56:08
0,62.54857556,0,9:56:09
0,59.16171697,0,9:56:10
0,64.89543523,0,9:56:11
0,60.01735443,0,9:56:12
0,62.56798537,0,9:56:13
0,61.00759513,0,9:56:14
0,63.44621937,0,9:56:15
0,65.5978996,0,9:56:16
0,82.65863498,0,9:56:17
0,65.60245793,0,9:56:18
0,70.60143138,0,9:56:19
0,61.69152556,0,9:56:20
0,59.78009231,0,9:56:21
0,56.40402919,0,9:56:22
0,51.88785101,0,9:56:23
0,64.438712,0,9:56:24
0,65.10062327,0,9:56:25
0,60.87510254,0,9:56:26
0,54.75974653,0,9:56:27
0,62.12381795,0,9:56:28
0,63.9896183,0,9:56:29
0,62.96588195,0,9:56:30
0,71.17417141,0,9:56:31
0,63.72782431,0,9:56:32
0,66.79300315,0,9:56:33
0,63.69950381,0,9:56:34
0,66.02494177,0,9:56:35
0,59.01702918,0,9:56:36
0,60.90645958,0,9:56:37
0,66.69309534,0,9:56:38
0,65.54759949,0,9:56:39
0,72.47532,0,9:56:40
0,71.188556,0,9:56:41
0,71.188556,0,9:56:42
0,77.63453871,0,9:56:43
0,71.058229,0,9:56:44
0,70.71347607,0,9:56:45
0,77.64137889,0,9:56:46
0,76.45382022,0,9:56:47
0,73.75592823,0,9:56:48
0,66.11562303,0,9:56:49
0,67.77267939,0,9:56:50
0,71.71372557,0,9:56:51
0,69.62311742,0,9:56:52
0,71.79675886,0,9:56:53
0,79.62277565,0,9:56:54
0,76.80212189,0,9:56:55
0,57.90845092,0,9:56:56
0,60.18051484,0,9:56:57
0,59.83338015,0,9:56:58
0,59.08485019,0,9:56:59
0,54.2023473,0,9:57:00
0,59.30403402,0,9:57:01
0,68.45835962,0,9:57:02
0,54.6317753,0,9:57:03
0,62.31221023,0,9:57:04
0,64.83590863,0,9:57:05
0,62.28554593,0,9:57:06
0,59.98261083,0,9:57:07
0,69.04493149,0,9:57:08
0,90.30873362,0,9:57:09
0,64.64975733,0,9:57:10
0,61.73431328,0,9:57:11
0,57.14664993,0,9:57:12
0,59.14256395,0,9:57:13
0,59.31343942,0,9:57:14
0,70.94071799,0,9:57:15
0,62.01430173,0,9:57:16
0,68.76768214,0,9:57:17
0,67.11668992,0,9:57:18
0,56.72648231,0,9:57:19
0,65.57507202,0,9:57:20
0,71.77887285,0,9:57:21
0,62.35205383,0,9:57:22
0,57.0129247,0,9:57:23
0,67.7085503,0,9:57:24
0,65.78731903,0,9:57:25
0,77.91839091,0,9:57:26
0,82.20775332,0,9:57:27
0,68.80558426,0,9:57:28
0,89.2296704,0,9:57:29
0,86.1810997,0,9:57:30
2,77.41626848,0,9:57:31
2,90.30873362,0,9:57:32
4,88.37331626,0,9:57:33
2,82.45218047,0,9:57:34
72,85.24617349,0,9:57:35
0,90.30873362,0,9:57:36
0,90.30873362,0,9:57:37
0,74.1377679,0,9:57:38
0,70.73369345,0,9:57:39
495,85.94426392,0,9:57:40
528,68.20879572,12,9:57:41
528,67.53883514,12,9:57:42
344,70.90614233,12,9:57:43
528,85.76766769,12,9:57:44
524,89.17607964,13,9:57:45
531,56.40402919,12,9:57:46
524,52.90844539,12,9:57:47
521,67.15107439,12,9:57:48
522,65.32933791,18,9:57:49
531,70.73621732,19,9:57:50
518,68.67859531,20,9:57:51
490,70.84405565,21,9:57:52
525,64.55259299,22,9:57:53
527,68.72325294,23,9:57:54
532,73.50456507,24,9:57:55
526,62.5809012,25,9:57:56
528,74.91554436,26,9:57:57
528,50.7058824,27,9:57:58
531,60.18901792,28,9:57:59
530,60.60389571,29,9:58:00
530,54.75974653,30,9:58:01
531,55.13272216,31,9:58:02
531,54.71197799,32,9:58:03
530,72.7217303,33,9:58:04
529,68.94936262,34,9:58:05
528,57.34934976,11,9:58:06
527,61.6341454,11,9:58:07
528,58.84016106,11,9:58:08
528,58.6087919,11,9:58:09
533,54.18539922,11,9:58:10
533,56.95145318,11,9:58:11
533,63.76731852,11,9:58:12
528,54.168418,11,9:58:13
528,50.29095505,11,9:58:14
528,51.12605002,11,9:58:15
528,53.46041814,11,9:58:16
528,55.62073877,11,9:58:17
528,54.6478752,11,9:58:18
530,53.96201091,11,9:58:19
530,56.80212189,11,9:58:20
530,56.31155497,11,9:58:21
530,54.55082514,11,9:58:22
531,54.56707564,11,9:58:23
530,53.1027687,11,9:58:24
530,64.09867045,11,9:58:25
529,62.64519379,11,9:58:26
530,59.06552673,11,9:58:27
530,54.55082514,11,9:58:28
530,52.23446616,3,9:58:29
530,58.91921407,3,9:58:30
530,54.08301034,3,9:58:31
531,60.36568617,3,9:58:32
545,54.53454418,3,9:58:33
542,55.14792058,3,9:58:34
544,53.92712777,3,9:58:35
545,60.1207591,3,9:58:36
544,50.8065895,3,9:58:37
544,52.46498581,3,9:58:38
536,53.53387219,3,9:58:39
538,56.11001716,3,9:58:40
544,55.57748944,3,9:58:41
538,50.78152198,3,9:58:42
404,67.20429227,3,9:58:43
329,51.70921459,3,9:58:44
251,57.20676013,3,9:58:45
361,61.79103766,3,9:58:46
408,59.30403402,3,9:58:47
541,71.4411598,3,9:58:48
547,75.17066844,3,9:58:49
547,53.49722281,3,9:58:50
544,51.43417664,3,9:58:51
543,64.66500019,3,9:58:52
542,51.00456706,3,9:58:53
542,50.44888467,3,9:58:54
542,59.25685362,3,9:58:55
543,71.68436224,3,9:58:56
544,57.90845092,3,9:58:57
542,56.86465556,3,9:58:58
542,80.34984893,3,9:58:59
543,73.27590244,3,9:59:00
543,57.78603405,3,9:59:01
542,52.92807452,3,9:59:02
542,58.04005783,3,9:59:03
542,51.68662449,3,9:59:04
542,54.45267845,3,9:59:05
542,58.91921407,3,9:59:06
541,71.18136668,3,9:59:07
540,75.99232409,3,9:59:08
540,62.95352648,3,9:59:09
541,65.51083377,3,9:59:10
542,58.71014532,3,9:59:11
540,64.27035514,3,9:59:12
540,56.19119429,3,9:59:13
540,60.06921064,3,9:59:14
540,62.84778932,3,9:59:15
540,60.10361025,3,9:59:16
540,58.6087919,3,9:59:17
540,54.50189042,3,9:59:18
540,57.19477132,3,9:59:19
543,59.53616675,3,9:59:20
547,78.66468257,3,9:59:21
546,69.72293994,3,9:59:22
546,63.75041442,3,9:59:23
521,68.59181604,3,9:59:24
525,74.95755412,3,9:59:25
526,60.92990329,3,9:59:26
516,67.57885397,3,9:59:27
520,55.57748944,3,9:59:28
519,75.06093123,3,9:59:29
506,59.19989677,3,9:59:30
528,61.31905961,7,9:59:31
526,63.73912671,7,9:59:32
523,62.01430173,7,9:59:33
411,67.57159152,7,9:59:34
305,52.4027211,7,9:59:35
349,89.33468398,7,9:59:36
392,81.03076781,7,9:59:37
550,69.55399857,7,9:59:38
542,60.18901792,7,9:59:39
399,78.11807532,7,9:59:40
203,81.60675646,7,9:59:41
287,89.68599679,7,9:59:42
501,89.73484191,7,9:59:43
510,61.06156887,7,9:59:44
509,64.13651752,7,9:59:45
511,64.13651752,7,9:59:46
511,60.62816929,7,9:59:47
511,63.7447724,7,9:59:48
511,56.97609402,7,9:59:49
512,63.37584041,7,9:59:50
494,68.31948823,7,9:59:51
429,66.53899988,7,9:59:52
495,62.60023899,2,9:59:53
494,60.50611731,2,9:59:54
497,69.36399172,2,9:59:55
500,63.7447724,2,9:59:56
499,67.80456725,2,9:59:57
500,69.35512102,2,9:59:58
500,61.25915668,2,9:59:59
455,63.90137993,2,10:00:00
458,70.98987426,2,10:00:01
463,75.67521391,2,10:00:02
436,79.64904303,2,10:00:03
405,71.69340769,2,10:00:04
492,81.67148559,2,10:00:05
494,66.68907502,2,10:00:06
509,67.78332169,2,10:00:07
488,65.08128906,2,10:00:08
505,75.07012914,2,10:00:09
507,64.92504625,2,10:00:10
507,70.67035724,2,10:00:11
505,69.72860958,2,10:00:12
505,71.2029168,2,10:00:13
505,73.45488397,2,10:00:14
506,64.78598958,2,10:00:15
505,65.07644877,2,10:00:16
506,75.11139961,2,10:00:17
506,64.56287215,2,10:00:18
506,75.10377171,2,10:00:19
506,73.2211017,2,10:00:20
505,72.181211,2,10:00:21
505,82.55763887,2,10:00:22
504,88.6301701,2,10:00:23
503,89.39143345,2,10:00:24
497,69.64889584,2,10:00:25
501,81.90199159,2,10:00:26
500,71.26962171,2,10:00:27
500,71.26962171,2,10:00:28
500,71.26962171,2,10:00:29
500,71.26962171,2,10:00:30
500,71.26962171,2,10:00:31
500,71.26962171,2,10:00:32
500,71.26962171,2,10:00:33
500,71.26962171,2,10:00:37
500,71.26962171,2,10:00:38
500,71.26962171,2,10:00:39
500,71.26962171,2,10:00:40
500,71.26962171,2,10:00:41
500,71.26962171,2,10:00:42
500,71.26962171,2,10:00:43
500,71.26962171,2,10:00:44
500,71.26962171,2,10:00:45
500,71.26962171,2,10:00:46
500,71.26962171,2,10:00:47
500,71.26962171,2,10:01:00
500,71.26962171,2,10:01:01
500,71.26962171,2,10:01:02
500,71.26962171,2,10:01:03
500,71.26962171,2,10:01:04
500,71.26962171,2,10:01:05
500,71.26962171,2,10:01:06
500,71.26962171,2,10:01:07
500,71.26962171,2,10:01:08
500,71.26962171,2,10:01:09
500,71.26962171,2,10:01:10
500,71.26962171,2,10:01:11
500,71.26962171,2,10:03:15
67,69.72577522,2,16:11:02
53,69.11516406,2,16:11:03
68,68.55945427,2,16:11:04
67,66.64472831,2,16:11:05
68,65.87167027,2,16:11:06
68,64.28627795,2,16:11:07
68,65.36687828,2,16:11:08
68,63.39348868,2,16:11:09
67,64.27566599,2,16:11:10
68,69.48432528,2,16:11:11
68,64.93981398,2,16:11:12
68,67.20808109,2,16:11:13
68,67.81517057,2,16:11:14
68,67.14726061,2,16:11:15
68,64.84088479,2,16:11:16
68,64.14191081,2,16:11:17
67,65.86725109,2,16:11:18
68,65.77392521,2,16:11:19
67,67.38060444,2,16:11:20
67,68.17497212,2,16:11:21
68,64.95946533,2,16:11:22
68,66.66491398,2,16:11:23
68,65.52923608,2,16:11:24
68,67.11668992,2,16:11:25
67,67.25341859,2,16:11:26
68,66.26046221,2,16:11:27
68,68.00384977,2,16:11:28
68,65.32933791,2,16:11:29
68,65.81404487,2,16:11:30
68,65.72463708,2,16:11:31
68,66.6608806,2,16:11:32
68,70.1517208,2,16:11:33
68,69.32845445,2,16:11:34
68,64.459529,2,16:11:35
68,64.96927435,2,16:11:36
68,66.70915801,2,16:11:37
68,65.00840005,2,16:11:38
68,68.86212913,2,16:11:39
68,66.61233335,2,16:11:40
68,75.09766457,2,16:11:41
68,64.61408627,2,16:11:42
68,64.61408627,2,16:11:43
68,64.02794249,2,16:11:44
68,67.03592614,2,16:11:45
68,66.83660114,2,16:11:46
68,67.26471609,2,16:11:47
68,67.86096933,2,16:11:48
68,67.81163757,2,16:11:49
68,69.27487442,2,16:11:50
68,67.91002249,2,16:11:51
68,70.20821896,2,16:11:52
69,65.11991453,2,16:11:53
68,65.74259241,2,16:11:54
68,67.29101991,5,16:11:55
68,66.96999141,5,16:11:56
69,67.03592614,5,16:11:57
69,66.3696145,5,16:11:58
68,66.46091471,5,16:11:59
68,66.69309534,5,16:12:00
68,66.76912987,5,16:12:01
68,64.59363685,5,16:12:02
68,66.94660031,5,16:12:03
68,66.49387828,5,16:12:04
69,67.20808109,5,16:12:05
68,67.03592614,5,16:12:06
68,69.43463303,5,16:12:07
68,68.9369542,5,16:12:08
68,66.11562303,5,16:12:09
68,67.08216878,5,16:12:10
68,65.31521833,5,16:12:11
68,67.69065231,5,16:12:12
68,67.67271737,5,16:12:13
68,64.84088479,5,16:12:14
68,66.04228754,5,16:12:15
67,66.3696145,5,16:12:16
67,67.14726061,5,16:12:17
68,67.65474532,5,16:12:18
69,64.46991882,5,16:12:19
68,66.08550101,5,16:12:20
69,66.78902883,5,16:12:21
69,65.27745354,5,16:12:22
66,65.02302686,5,16:12:23
72,77.92501125,5,16:12:24
61,67.41396185,5,16:12:25
60,68.19866247,5,16:12:26
59,67.11668992,5,16:12:27
60,65.11027426,5,16:12:28
71,66.96999141,5,16:12:29
71,67.29101991,5,16:12:30
72,69.43463303,5,16:12:31
73,68.49763273,5,16:12:32
73,66.70514513,5,16:12:33
72,66.91923084,5,16:12:34
17,68.28609376,5,16:12:35
58,75.78314984,5,16:12:36
59,67.6583427,5,16:12:37
58,69.96621108,5,16:12:38
59,72.17907399,5,16:12:39
71,68.20879572,5,16:12:40
72,65.02302686,5,16:12:41
71,65.52923608,5,16:12:42
71,67.68348278,5,16:12:43
67,67.53883514,5,16:12:44
61,66.13278882,5,16:12:45
14,89.22876992,5,16:12:46
14,65.26798663,5,16:12:47
14,65.71114618,5,16:12:48
13,66.31101069,5,16:12:49
13,66.61233335,5,16:12:50
21,66.87604666,5,16:12:51
21,64.98885923,5,16:12:52
17,64.81098497,5,16:12:53
14,64.80599164,5,16:12:54
33,70.69574717,5,16:12:55
18,66.91923084,5,16:12:56
13,67.32472247,5,16:12:57
53,67.65474532,5,16:12:58
29,65.82293523,5,16:12:59
33,66.3987688,5,16:13:00
50,67.46927443,5,16:13:01
16,66.44438589,5,16:13:02
16,67.88553054,5,16:13:03
16,66.72519104,5,16:13:04
15,65.39492746,5,16:13:05
15,63.94561116,5,16:13:06
15,67.6583427,5,16:13:07
15,67.00883713,5,16:13:08
15,65.22525738,5,16:13:09
17,68.39581172,5,16:13:10
16,68.50742333,5,16:13:11
16,67.76912905,5,16:13:12
16,68.69776242,5,16:13:13
15,67.21943767,5,16:13:14
16,67.70497365,5,16:13:15
15,65.85398006,5,16:13:16
15,69.02651617,5,16:13:17
15,67.49130121,5,16:13:18
70,68.00730547,5,16:13:19
65,67.15107439,5,16:13:20
42,67.41396185,5,16:13:21
41,78.11591761,5,16:13:22
41,67.941411,5,16:13:23
40,67.68348278,5,16:13:24
51,66.29419386,5,16:13:25
55,75.29845969,5,16:13:26
45,65.39492746,5,16:13:27
60,65.60701386,5,16:13:28
64,90.30873362,5,16:13:29
64,64.50618563,5,16:13:30
55,68.21217085,5,16:13:31
56,70.28564096,5,16:13:32
64,68.86212913,5,16:13:33
70,66.84845362,5,16:13:34
69,73.7932793,5,16:13:35
69,69.06942467,5,16:13:36
69,64.73074523,5,16:13:37
69,68.11034214,5,16:13:38
69,66.22659905,5,16:13:39
69,66.44024877,5,16:13:40
69,66.45678545,5,16:13:41
69,66.00321074,5,16:13:42
69,64.06609832,5,16:13:43
69,65.81849119,5,16:13:44
69,65.97706153,5,16:13:45
70,66.57981711,5,16:13:46
70,64.73578199,5,16:13:47
70,64.88059178,5,16:13:48
70,64.68021635,5,16:13:49
69,66.46916734,5,16:13:50
70,64.27035514,5,16:13:51
69,64.88059178,5,16:13:52
69,64.70551753,5,16:13:53
70,67.13580921,5,16:13:54
69,69.07248147,5,16:13:55
70,70.16520611,5,16:13:56
70,68.36934042,5,16:13:57
69,66.18834452,5,16:13:58
69,65.19665398,5,16:13:59
69,63.17930521,5,16:14:00
69,63.43452907,5,16:14:01
69,64.30217162,5,16:14:02
69,64.97417471,5,16:14:03
69,65.21096745,5,16:14:04
69,64.82594774,5,16:14:05
69,63.87917956,5,16:14:06
70,65.88050188,5,16:14:07
69,63.17930521,5,16:14:08
69,62.64519379,5,16:14:09
61,66.04661857,5,16:14:10
65,65.84955187,5,16:14:11
65,66.79697566,5,16:14:12
63,67.3209842,5,16:14:13
68,69.24496431,5,16:14:14
63,69.28680969,5,16:14:15
71,79.38831825,5,16:14:16
25,67.83281407,5,16:14:17
19,72.19402205,5,16:14:18
28,77.74671861,5,16:14:19
13,83.63115548,5,16:14:20
7,64.54230165,5,16:14:21
7,73.02749888,5,16:14:22
7,80.71579666,5,16:14:23
8,64.50618563,5,16:14:24
7,65.73810706,5,16:14:25
22,64.22241083,5,16:14:26
42,65.7560346,5,16:14:27
15,67.66912593,5,16:14:28
12,90.03186479,5,16:14:29
15,63.61398403,5,16:14:30
15,63.61398403,5,16:14:31
15,63.61398403,5,16:14:32
15,63.61398403,5,16:14:33
15,63.61398403,5,16:14:34
15,63.61398403,5,16:14:35
15,63.61398403,5,16:14:36
15,63.61398403,5,16:14:37
15,63.61398403,5,16:14:38
15,63.61398403,5,16:14:39
15,74.99627171,5,16:14:40
86,77.46059624,5,16:21:38
64,75.39935603,5,16:21:39
52,74.76450896,5,16:21:40
53,76.53703896,5,16:21:41
56,75.46695084,5,16:21:42
55,75.47719105,5,16:21:43
53,75.00245054,5,16:21:44
53,75.6594799,5,16:21:45
52,74.53780281,5,16:21:46
84,75.68663896,5,16:21:47
83,73.79505392,5,16:21:48
84,75.04250615,5,16:21:49
81,72.36932984,5,16:21:50
80,73.24949008,5,16:21:51
80,73.32286855,5,16:21:52
81,75.99507933,5,16:21:53
80,76.99821117,5,16:21:54
82,75.49325845,5,16:21:55
83,77.37406405,5,16:21:56
78,74.83091034,5,16:21:57
79,74.96065788,5,16:21:58
60,75.06859683,5,16:21:59
62,76.81215758,5,16:22:00
60,75.92176857,8,16:22:01
67,75.85483572,8,16:22:02
82,75.66377382,8,16:22:03
82,77.78154985,8,16:22:04
57,74.80093448,8,16:22:05
56,76.55126223,8,16:22:06
56,75.37867884,8,16:22:07
54,74.6446576,8,16:22:08
53,75.66091144,8,16:22:09
50,75.74495761,8,16:22:10
50,75.63510749,8,16:22:11
50,78.02916643,8,16:22:12
52,75.70944407,8,16:22:13
51,74.49534491,8,16:22:14
49,73.65192583,8,16:22:15
50,74.70399097,8,16:22:16
49,76.51890286,8,16:22:17
52,74.06926684,8,16:22:18
48,77.40339442,8,16:22:19
50,76.81591798,8,16:22:20
50,75.7122905,8,16:22:21
49,75.44643413,8,16:22:22
49,75.14336384,8,16:22:23
50,75.500552,8,16:22:24
49,73.14111706,8,16:22:25
50,75.87441114,8,16:22:26
48,74.66876054,8,16:22:27
51,76.54609282,8,16:22:28
49,75.85203562,8,16:22:29
49,74.7866992,8,16:22:30
49,76.86714757,8,16:22:31
48,77.76021824,8,16:22:32
48,74.80725379,8,16:22:33
49,74.05377936,8,16:22:34
45,78.11375935,8,16:22:35
48,73.38261695,8,16:22:36
47,74.74862401,8,16:22:37
47,77.19117145,8,16:22:38
47,75.66949575,8,16:22:39
47,74.88898915,8,16:22:40
47,76.15881442,8,16:22:41
48,76.14393321,8,16:22:42
48,77.54051232,8,16:22:43
51,76.4210951,8,16:22:44
47,76.32217341,8,16:22:45
47,71.74298997,8,16:22:46
47,74.74385285,8,16:22:47
47,74.48551739,8,16:22:48
46,72.85324663,8,16:22:49
47,75.63510749,8,16:22:50
47,72.7637928,8,16:22:51
52,74.2125003,8,16:22:52
48,74.93890819,8,16:22:53
44,74.71038118,8,16:22:54
53,76.05957711,8,16:22:55
49,75.49325845,8,16:22:56
54,76.32217341,8,16:22:57
64,74.32173708,8,16:22:58
99,77.23785381,8,16:22:59
93,77.23785381,8,16:23:00
120,82.30888167,8,16:23:01
119,75.78314984,8,16:23:02
107,76.14393321,8,16:23:03
117,77.48267558,8,16:23:04
116,73.30035651,8,16:23:05
104,71.87900591,8,16:23:06
104,76.17097102,8,16:23:07
94,74.72793005,8,16:23:08
94,73.79150432,8,16:23:09
93,75.02558208,8,16:23:10
93,74.70399097,8,16:23:11
93,73.50273009,8,16:23:12
92,74.18879148,8,16:23:13
89,75.59625726,8,16:23:14
88,90.30873362,8,16:23:15
83,72.08019865,8,16:23:16
80,74.83878155,8,16:23:17
80,74.83878155,0,16:23:18
80,74.83878155,0,16:23:19
80,74.83878155,0,16:23:20
80,74.83878155,0,16:23:21
80,74.83878155,0,16:23:22
80,74.46254318,0,16:23:23
2761,74.03826422,0,16:27:32
2732,70.95795435,0,16:27:33
2686,72.84533238,0,16:27:34
2694,71.82797103,0,16:27:35
2761,79.25496107,0,16:27:36
2717,71.49451167,0,16:27:37
2710,73.33971437,0,16:27:38
2710,74.79461057,0,16:27:39
2705,73.0139196,0,16:27:40
2706,73.4030609,0,16:27:41
2740,73.54666303,0,16:27:42
2720,74.05033395,0,16:27:43
2727,73.36585421,0,16:27:44
2753,74.25467718,0,16:27:45
2719,73.1945219,0,16:27:46
2722,72.42144742,0,16:27:47
2717,74.50025451,0,16:27:48
2762,71.8190647,0,16:27:49
2709,70.97024513,0,16:27:50
2714,71.95609685,0,16:27:51
2717,74.71676669,0,16:27:52
2718,72.31058447,0,16:27:53
2739,75.07319295,0,16:27:54
2719,72.61262488,0,16:27:55
2729,74.15821331,0,16:27:56
2736,72.98669717,0,16:27:57
2732,74.94668219,0,16:27:58
2737,74.65269935,0,16:27:59
2769,72.44428046,0,16:28:00
2739,72.71771371,0,16:28:01
2743,72.79172173,0,16:28:02
2757,72.07154736,0,16:28:03
2753,71.9670542,0,16:28:04
2753,73.34158411,0,16:28:05
2751,76.52279236,0,16:28:06
2751,71.76767537,0,16:28:07
2756,75.10071868,0,16:28:08
2753,74.14629267,0,16:28:09
2780,73.72020583,0,16:28:10
2780,74.9171039,0,16:28:11
2760,79.1368098,1,16:28:12
2815,72.25143908,1,16:28:13
2810,73.90963353,1,16:28:14
2739,73.90963353,1,16:28:15
2652,77.12006908,1,16:28:16
2655,76.3539511,1,16:28:17
2656,77.35524049,1,16:28:18
2675,76.52408847,1,16:28:19
2775,73.05459392,1,16:28:20
2767,75.79584335,1,16:28:21
2676,80.37567378,1,16:28:22
2650,76.49942922,1,16:28:23
2559,74.81830153,1,16:28:24
2562,73.48435891,1,16:28:25
2637,77.916183,1,16:28:26
2649,74.33508715,1,16:28:27
2536,74.0261777,1,16:28:28
2397,77.6800385,1,16:28:29
2568,73.11620989,1,16:28:30
2602,74.88585966,1,16:28:31
2519,73.03524895,1,16:28:32
2526,72.76978514,1,16:28:33
2529,73.40862819,1,16:28:34
2589,75.09919175,1,16:28:35
2546,72.40896769,1,16:28:36
2591,72.64104333,1,16:28:37
2631,74.6478752,1,16:28:38
2633,73.0100359,1,16:28:39
2619,71.80345663,1,16:28:40
2602,74.18200563,1,16:28:41
2608,74.12752712,1,16:28:42
2627,72.71972224,1,16:28:43
2636,76.03356118,1,16:28:44
2614,74.7977731,1,16:28:45
2622,74.12581915,1,16:28:46
2617,73.4401089,1,16:28:47
2564,73.53021421,1,16:28:48
2614,73.60671027,1,16:28:49
2585,74.69279678,1,16:28:50
2537,74.99781683,1,16:28:51
2581,72.34839493,1,16:28:52
2596,73.00615046,1,16:28:53
2578,71.55672683,1,16:28:54
2589,73.88332592,1,16:28:55
2591,72.77577334,1,16:28:56
2554,72.99059132,1,16:28:57
2548,73.01780156,1,16:28:58
2582,74.42796751,1,16:28:59
2583,72.81161613,1,16:29:00
2556,79.38365718,1,16:29:01
2576,74.63982898,1,16:29:02
2599,74.24120285,1,16:29:03
2561,76.85842242,1,16:29:04
2548,76.98961674,1,16:29:05
2554,73.94109785,1,16:29:06
2559,75.90925789,1,16:29:07
2562,74.94046355,1,16:29:08
2562,75.10224533,1,16:29:09
2586,78.46798932,1,16:29:10
2583,73.60308283,1,16:29:11
2545,73.54483692,1,16:29:12
2547,74.66555068,1,16:29:13
2574,79.89777591,1,16:29:14
2585,77.06422669,1,16:29:15
2543,73.28343411,1,16:29:16
2540,78.94965473,1,16:29:17
2567,76.4864225,1,16:29:18
2527,75.06859683,1,16:29:19
2530,74.01061314,1,16:29:20
2526,76.31155497,1,16:29:21
2527,75.99783369,1,16:29:22
2550,74.82933524,1,16:29:23
2508,75.82679408,1,16:29:24
2502,76.4681803,1,16:29:25
2500,78.47316844,1,16:29:26
2494,77.72530118,1,16:29:27
2520,73.67714411,1,16:29:28
2505,74.79935394,1,16:29:29
2483,76.59893392,1,16:29:30
2484,74.48551739,1,16:29:31
2481,75.99645662,1,16:29:32
2471,77.00066515,1,16:29:33
2552,77.6607302,1,16:29:34
2544,73.40862819,1,16:29:35
2540,74.77719604,1,16:29:36
2536,74.7613343,1,16:29:37
2538,73.53387219,1,16:29:38
2539,76.57835123,1,16:29:39
2517,71.62305784,1,16:29:40
2517,71.39917636,1,16:29:41
2585,75.60634624,1,16:29:42
2593,71.1765705,1,16:29:43
2560,68.7834948,1,16:29:44
2554,69.03572871,1,16:29:45
2564,73.18881564,1,16:29:46
2561,70.62191094,1,16:29:47
2566,71.31459576,1,16:29:48
2564,72.54116928,1,16:29:49
2561,76.94651662,1,16:29:50
2302,71.36872829,1,16:29:51
2481,73.58310483,1,16:29:52
2355,74.75974653,1,16:29:53
2230,74.75974653,1,16:29:54
2113,74.75974653,1,16:29:55
2113,74.75974653,1,16:29:56
2113,74.75974653,1,16:29:57
2113,74.75974653,1,16:29:58
2113,74.75974653,1,16:29:59
2113,74.75974653,1,16:30:00
2113,74.75974653,1,16:30:03
2113,74.75974653,4,16:30:06
2113,74.75974653,4,16:30:35
2113,74.75974653,4,16:30:36
2113,74.75974653,4,16:30:37
2113,74.75974653,4,16:30:57
2113,74.75974653,4,16:30:58
2113,74.75974653,4,16:30:59
2113,74.75974653,4,16:31:07
2113,74.75974653,4,16:31:38
2113,74.75974653,4,16:31:39
2113,74.75974653,4,16:31:40
17,74.75974653,4,16:31:41
19,74.75974653,4,16:31:42
49,74.75974653,4,16:31:43
46,74.75974653,4,16:31:44
41,74.75974653,4,16:31:45
54,74.75974653,4,16:31:46
30,74.75974653,4,16:31:47
38,74.75974653,4,16:31:48
40,74.75974653,4,16:31:49
30,74.75974653,4,16:31:50
28,74.75974653,4,16:31:51
27,74.75974653,4,16:31:52
27,74.75974653,4,16:31:53
29,74.75974653,4,16:31:54
29,74.75974653,4,16:31:55
29,74.75974653,4,16:31:56
29,74.75974653,4,16:31:57
29,74.75974653,4,16:31:58
29,74.75974653,4,16:31:59
29,74.75974653,4,16:32:00
29,74.75974653,4,16:32:01
29,74.75974653,4,16:32:02
29,74.75974653,4,16:32:03
29,74.75974653,4,16:32:04
29,74.75974653,4,16:32:05
29,74.75974653,4,16:32:06
29,74.75974653,4,16:32:07
29,74.75974653,4,16:32:08
29,74.75974653,4,16:32:09
29,74.75974653,4,16:32:10
29,74.75974653,4,16:32:11
29,74.75974653,4,16:32:12
29,74.75974653,4,16:32:13
29,74.75974653,4,16:32:14
29,74.75974653,4,16:32:16
29,74.75974653,4,16:32:17
29,74.75974653,4,16:32:18
29,74.75974653,4,16:32:19
29,74.75974653,4,16:32:20
29,74.75974653,4,16:32:21
29,74.75974653,4,16:32:22
29,74.75974653,4,16:32:23
29,74.75974653,4,16:32:24
29,74.75974653,4,16:32:27
29,74.75974653,4,16:32:28
29,74.75974653,4,16:32:29
29,74.75974653,4,16:32:30
29,74.75974653,4,16:32:31
29,74.75974653,4,16:32:32
29,74.75974653,4,16:32:33
29,74.75974653,4,16:32:34
29,74.75974653,4,16:32:35
29,74.75974653,4,16:32:36
29,74.75974653,4,16:32:37
29,74.75974653,4,16:32:38
29,74.75974653,7,16:32:39
29,74.75974653,7,16:32:40
29,74.75974653,7,16:32:41
29,74.75974653,7,16:32:42
29,74.75974653,7,16:32:43
29,74.75974653,7,16:32:44
29,74.75974653,7,16:32:45
29,74.75974653,7,16:32:46
29,74.75974653,7,16:32:47
29,74.75974653,7,16:32:48
29,74.75974653,7,16:32:49
29,74.75974653,7,16:32:50
29,74.75974653,7,16:32:51
29,74.75974653,7,16:32:52
29,74.75974653,7,16:32:53
29,74.75974653,7,16:32:54
29,74.75974653,7,16:32:55
29,74.75974653,7,16:32:56
29,74.75974653,7,16:32:57
29,74.75974653,7,16:32:58
29,74.75974653,7,16:32:59
29,74.75974653,7,16:33:00
29,74.75974653,7,16:33:01
29,74.75974653,7,16:33:02
29,74.75974653,7,16:33:03
29,74.75974653,7,16:33:04
29,74.75974653,7,16:33:05
29,74.75974653,7,16:33:06
29,74.75974653,7,16:33:07
29,74.75974653,7,16:33:08
29,74.75974653,7,16:33:09
29,74.75974653,7,16:33:10
29,74.75974653,7,16:33:11
29,74.75974653,7,16:33:12
29,74.75974653,7,16:33:13
29,74.75974653,7,16:33:14
29,74.75974653,7,16:33:15
29,74.75974653,7,16:33:16
29,74.75974653,7,16:33:17
29,74.75974653,7,16:33:18
29,74.75974653,7,16:33:19
29,74.75974653,7,16:33:20
29,74.75974653,7,16:33:21
29,74.75974653,7,16:33:22
29,74.75974653,7,16:33:23
29,74.75974653,7,16:33:24
29,74.75974653,7,16:33:25
29,74.75974653,7,16:33:26
29,74.75974653,7,16:33:27
29,74.75974653,7,16:33:28
29,74.75974653,7,16:33:29
29,74.75974653,7,16:33:30
29,74.75974653,7,16:33:31
29,74.75974653,7,16:33:32
29,74.75974653,7,16:33:33
29,74.75974653,7,16:33:34
29,74.75974653,7,16:33:35
29,74.75974653,7,16:33:36
