768,62.49660299,0,9:52:26,0
776,65.3855878,0,9:52:27,0
766,65.76051071,0,9:52:28,0
663,67.07063118,0,9:52:29,0
675,55.25357127,0,9:52:30,0
686,50.31747687,0,9:52:31,0
881,59.60915785,0,9:52:32,0
893,52.50624902,0,9:52:33,0
883,57.08612084,0,9:52:34,0
872,55.14792058,1,9:52:35,1
890,61.78396734,1,9:52:36,1
898,54.6478752,2,9:52:37,2
899,49.27785978,3,9:52:38,2
885,59.25685362,3,9:52:39,2
837,73.89034908,3,9:52:40,2
842,53.44195716,3,9:52:41,2
835,68.23239412,3,9:52:42,2
831,50.7563819,3,9:52:43,2
834,76.46165593,3,9:52:44,2
831,77.12974426,3,9:52:45,2
829,73.17739184,3,9:52:46,2
831,52.29794432,3,9:52:47,2
829,52.9476594,3,9:52:48,2
830,56.08278865,3,9:52:49,2
833,58.94867444,3,9:52:50,2
841,54.48551739,3,9:52:51,2
856,50.83158488,3,9:52:52,2
858,49.60013886,3,9:52:53,2
858,56.15070056,3,9:52:54,2
863,51.12605002,5,9:52:55,3
861,56.21808561,5,9:52:56,3
852,59.13297158,5,9:52:57,3
399,57.62769314,5,9:52:58,3
553,56.45643291,5,9:52:59,3
620,58.49591992,5,9:53:00,3
622,50.68052212,5,9:53:01,3
660,55.43174962,5,9:53:02,3
663,53.49722281,5,9:53:03,3
660,64.92011808,5,9:53:04,3
658,51.43417664,5,9:53:05,3
662,53.92712777,5,9:53:06,3
663,59.77117914,5,9:53:07,3
662,67.51692873,5,9:53:08,3
675,67.44350572,5,9:53:09,3
635,68.13080361,5,9:53:10,3
114,62.95352648,5,9:53:11,3
44,89.63401097,5,9:53:12,3
340,57.60483552,5,9:53:13,3
267,55.54853645,5,9:53:14,3
87,68.72325294,5,9:53:15,3
61,72.582073,5,9:53:16,3
57,90.30873362,5,9:53:17,3
54,55.11749711,5,9:53:18,3
50,66.19260335,5,9:53:19,3
45,63.20336586,5,9:53:20,3
41,64.73074523,5,9:53:21,3
36,78.58837851,5,9:53:22,3
15,59.52699958,5,9:53:23,3
0,79.3444052,5,9:53:24,3
0,90.30873362,5,9:53:25,3
0,44.55773409,5,9:53:26,3
0,47.53153914,5,9:53:27,3
0,59.16171697,5,9:53:28,3
0,59.85990197,5,9:53:29,3
0,65.70214059,5,9:53:30,3
0,59.67252574,5,9:53:31,3
0,64.10950073,5,9:53:32,3
0,49.54242509,5,9:53:33,3
0,60.48971335,5,9:53:34,3
0,68.38589444,5,9:53:35,3
0,68.28609376,5,9:53:36,3
0,71.23633329,5,9:53:37,3
0,65.68410135,5,9:53:38,3
0,54.28659519,5,9:53:39,3
0,66.95440434,5,9:53:40,3
0,57.50122527,5,9:53:41,3
0,57.62769314,5,9:53:42,3
0,57.47803196,5,9:53:43,3
0,63.89028684,5,9:53:44,3
0,64.81597542,5,9:53:45,3
0,64.87563832,5,9:53:46,3
0,69.47265854,5,9:53:47,3
0,62.27886705,5,9:53:48,3
0,63.04576689,5,9:53:49,3
0,62.79758173,5,9:53:50,3
0,62.51612916,5,9:53:51,3
0,58.9290453,5,9:53:52,3
0,57.80842038,5,9:53:53,3
0,57.46641204,5,9:53:54,3
0,64.41784498,5,9:53:55,3
0,68.51068441,8,9:53:56,3
0,69.15158294,8,9:53:57,3
0,63.93457445,8,9:53:58,3
0,58.53713418,8,9:53:59,3
0,67.68348278,8,9:54:00,3
0,52.5677786,8,9:54:01,3
0,65.89813821,8,9:54:02,3
0,58.14822722,8,9:54:03,3
0,62.29221968,8,9:54:04,3
0,58.8003631,8,9:54:05,3
0,58.8003631,8,9:54:06,3
0,56.24489394,8,9:54:07,3
0,53.46041814,8,9:54:08,3
0,53.57036758,8,9:54:09,3
0,64.61919111,8,9:54:10,3
0,63.03352462,8,9:54:11,3
0,61.05387884,8,9:54:12,3
0,69.32251741,8,9:54:13,3
0,70.13551073,8,9:54:14,3
0,67.60422483,8,9:54:15,3
0,67.94489162,0,9:54:16,0
0,62.17130047,0,9:54:17,0
0,61.81221416,0,9:54:18,0
0,66.04228754,0,9:54:19,0
0,61.83333915,0,9:54:20,0
0,62.34542591,0,9:54:21,0
0,62.68991712,0,9:54:22,0
0,60.89863092,0,9:54:23,0
0,54.2023473,0,9:54:24,0
0,57.78603405,0,9:54:25,0
0,67.67630732,0,9:54:26,0
0,59.64542466,0,9:54:27,0
0,53.60671027,0,9:54:28,0
0,60.48971335,0,9:54:29,0
0,61.85441289,0,9:54:30,0
0,58.36060674,0,9:54:31,0
0,67.05522383,0,9:54:32,0
0,52.78972979,0,9:54:33,0
0,60.28200643,0,9:54:34,0
0,61.26666718,0,9:54:35,0
0,72.96134259,0,9:54:36,0
0,62.47049962,0,9:54:37,0
0,59.22842188,0,9:54:38,0
0,65.68410135,0,9:54:39,0
0,52.90844539,0,9:54:40,0
0,79.90129068,0,9:54:41,0
0,89.18905604,0,9:54:42,0
0,81.70367016,0,9:54:43,0
0,90.29732768,0,9:54:44,0
2,90.30873362,0,9:54:45,0
0,87.88097442,0,9:54:46,0
0,89.42025703,0,9:54:47,0
0,81.83122896,0,9:54:48,0
0,70.34655765,0,9:54:49,0
0,79.18178229,0,9:54:50,0
0,68.30280704,0,9:54:51,0
0,75.37276202,0,9:54:52,0
0,77.40573658,0,9:54:53,0
0,84.96535207,0,9:54:54,0
0,84.42932804,0,9:54:55,0
0,58.5985912,0,9:54:56,0
0,48.65938582,0,9:54:57,0
0,50.13010065,0,9:54:58,0
0,59.19989677,0,9:54:59,0
0,88.30046912,1,9:55:00,1
0,68.17158251,2,9:55:01,2
0,80.00954923,2,9:55:02,2
0,90.30873362,2,9:55:03,2
0,64.73074523,2,9:55:04,2
0,73.83753645,6,9:55:05,3
0,72.0063866,6,9:55:06,3
0,75.8028873,6,9:55:07,3
0,72.29372685,6,9:55:08,3
0,60.99211225,6,9:55:09,3
0,78.9751036,6,9:55:10,3
0,56.17771735,6,9:55:11,3
0,64.16345053,13,9:55:12,3
0,82.76036679,14,9:55:13,3
0,72.01292471,15,9:55:14,3
0,65.92013339,0,9:55:15,0
0,64.49583913,0,9:55:16,0
0,55.28352265,0,9:55:17,0
0,65.92013339,0,9:55:18,0
0,54.87019529,0,9:55:19,0
0,52.8492904,0,9:55:20,0
0,67.50595476,0,9:55:21,0
0,57.44312545,0,9:55:22,0
0,55.861832,0,9:55:23,0
0,58.96825932,0,9:55:24,0
0,82.6752477,0,9:55:25,0
0,66.70514513,0,9:55:26,0
0,65.14396852,0,9:55:27,0
0,75.26406601,0,9:55:28,0
0,55.05632862,0,9:55:29,0
0,59.29461842,0,9:55:30,0
0,59.59096749,0,9:55:31,0
0,64.57313916,0,9:55:32,0
0,59.30403402,0,9:55:33,0
0,51.17417141,0,9:55:34,0
0,56.68841407,0,9:55:35,0
0,49.03572871,0,9:55:36,0
0,62.95352648,0,9:55:37,0
0,64.63448767,0,9:55:38,0
0,56.13716059,0,9:55:39,0
0,57.51279874,0,9:55:40,0
0,59.23790947,0,9:55:41,0
0,64.51651983,0,9:55:42,0
0,60.31557513,0,9:55:43,0
0,59.42551697,0,9:55:44,0
0,58.99755408,0,9:55:45,0
0,76.97117144,0,9:55:46,0
0,53.40491706,0,9:55:47,0
0,61.94514619,0,9:55:48,0
0,57.09826045,0,9:55:49,0
0,62.54857556,0,9:55:50,0
0,61.53280887,0,9:55:51,0
0,58.22315217,0,9:55:52,0
0,60.53883256,0,9:55:53,0
0,71.92534253,0,9:55:54,0
0,67.15869694,0,9:55:55,0
0,64.50101392,0,9:55:56,0
0,60.5795541,0,9:55:57,0
0,62.99054028,0,9:55:58,0
0,57.84189205,0,9:55:59,0
0,62.49660299,0,9:56:00,0
0,62.12381795,0,9:56:01,0
0,60.89079521,0,9:56:02,0
0,72.4711878,0,9:56:03,0
0,60.50611731,0,9:56:04,0
0,65.18231688,0,9:56:05,0
0,63.45205862,0,9:56:06,0
0,57.7298145,0,9:56:07,0
0,66.43610968,0,9:56:08,0
0,62.54857556,0,9:56:09,0
0,59.16171697,0,9:56:10,0
0,64.89543523,0,9:56:11,0
0,60.01735443,0,9:56:12,0
0,62.56798537,0,9:56:13,0
0,61.00759513,0,9:56:14,0
0,63.44621937,0,9:56:15,0
0,65.5978996,0,9:56:16,0
0,82.65863498,0,9:56:17,0
0,65.60245793,0,9:56:18,0
0,70.60143138,0,9:56:19,0
0,61.69152556,0,9:56:20,0
0,59.78009231,0,9:56:21,0
0,56.40402919,0,9:56:22,0
0,51.88785101,0,9:56:23,0
0,64.438712,0,9:56:24,0
0,65.10062327,0,9:56:25,0
0,60.87510254,0,9:56:26,0
0,54.75974653,0,9:56:27,0
0,62.12381795,0,9:56:28,0
0,63.9896183,0,9:56:29,0
0,62.96588195,0,9:56:30,0
0,71.17417141,0,9:56:31,0
0,63.72782431,0,9:56:32,0
0,66.79300315,0,9:56:33,0
0,63.69950381,0,9:56:34,0
0,66.02494177,0,9:56:35,0
0,59.01702918,0,9:56:36,0
0,60.90645958,0,9:56:37,0
0,66.69309534,0,9:56:38,0
0,65.54759949,0,9:56:39,0
0,72.47532,0,9:56:40,0
0,71.188556,0,9:56:41,0
0,71.188556,0,9:56:42,0
0,77.63453871,0,9:56:43,0
0,71.058229,0,9:56:44,0
0,70.71347607,0,9:56:45,0
0,77.64137889,0,9:56:46,0
0,76.45382022,0,9:56:47,0
0,73.75592823,0,9:56:48,0
0,66.11562303,0,9:56:49,0
0,67.77267939,0,9:56:50,0
0,71.71372557,0,9:56:51,0
0,69.62311742,0,9:56:52,0
0,71.79675886,0,9:56:53,0
0,79.62277565,0,9:56:54,0
0,76.80212189,0,9:56:55,0
0,57.90845092,0,9:56:56,0
0,60.18051484,0,9:56:57,0
0,59.83338015,0,9:56:58,0
0,59.08485019,0,9:56:59,0
0,54.2023473,0,9:57:00,0
0,59.30403402,0,9:57:01,0
0,68.45835962,0,9:57:02,0
0,54.6317753,0,9:57:03,0
0,62.31221023,0,9:57:04,0
0,64.83590863,0,9:57:05,0
0,62.28554593,0,9:57:06,0
0,59.98261083,0,9:57:07,0
0,69.04493149,0,9:57:08,0
0,90.30873362,0,9:57:09,0
0,64.64975733,0,9:57:10,0
0,61.73431328,0,9:57:11,0
0,57.14664993,0,9:57:12,0
0,59.14256395,0,9:57:13,0
0,59.31343942,0,9:57:14,0
0,70.94071799,0,9:57:15,0
0,62.01430173,0,9:57:16,0
0,68.76768214,0,9:57:17,0
0,67.11668992,0,9:57:18,0
0,56.72648231,0,9:57:19,0
0,65.57507202,0,9:57:20,0
0,71.77887285,0,9:57:21,0
0,62.35205383,0,9:57:22,0
0,57.0129247,0,9:57:23,0
0,67.7085503,0,9:57:24,0
0,65.78731903,0,9:57:25,0
0,77.91839091,0,9:57:26,0
0,82.20775332,0,9:57:27,0
0,68.80558426,0,9:57:28,0
0,89.2296704,0,9:57:29,0
0,86.1810997,0,9:57:30,0
2,77.41626848,0,9:57:31,0
2,90.30873362,0,9:57:32,0
4,88.37331626,0,9:57:33,0
2,82.45218047,0,9:57:34,0
72,85.24617349,0,9:57:35,0
0,90.30873362,0,9:57:36,0
0,90.30873362,0,9:57:37,0
0,74.1377679,0,9:57:38,0
0,70.73369345,0,9:57:39,0
495,85.94426392,0,9:57:40,0
528,68.20879572,12,9:57:41,3
528,67.53883514,12,9:57:42,3
344,70.90614233,12,9:57:43,3
528,85.76766769,12,9:57:44,3
524,89.17607964,13,9:57:45,3
531,56.40402919,12,9:57:46,3
524,52.90844539,12,9:57:47,3
521,67.15107439,12,9:57:48,3
522,65.32933791,18,9:57:49,3
531,70.73621732,19,9:57:50,3
518,68.67859531,20,9:57:51,3
490,70.84405565,21,9:57:52,3
525,64.55259299,22,9:57:53,3
527,68.72325294,23,9:57:54,3
532,73.50456507,24,9:57:55,3
526,62.5809012,25,9:57:56,3
528,74.91554436,26,9:57:57,3
528,50.7058824,27,9:57:58,3
531,60.18901792,28,9:57:59,3
530,60.60389571,29,9:58:00,3
530,54.75974653,30,9:58:01,3
531,55.13272216,31,9:58:02,3
531,54.71197799,32,9:58:03,3
530,72.7217303,33,9:58:04,3
529,68.94936262,34,9:58:05,3
528,57.34934976,11,9:58:06,3
527,61.6341454,11,9:58:07,3
528,58.84016106,11,9:58:08,3
528,58.6087919,11,9:58:09,3
533,54.18539922,11,9:58:10,3
533,56.95145318,11,9:58:11,3
533,63.76731852,11,9:58:12,3
528,54.168418,11,9:58:13,3
528,50.29095505,11,9:58:14,3
528,51.12605002,11,9:58:15,3
528,53.46041814,11,9:58:16,3
528,55.62073877,11,9:58:17,3
528,54.6478752,11,9:58:18,3
530,53.96201091,11,9:58:19,3
530,56.80212189,11,9:58:20,3
530,56.31155497,11,9:58:21,3
530,54.55082514,11,9:58:22,3
531,54.56707564,11,9:58:23,3
530,53.1027687,11,9:58:24,3
530,64.09867045,11,9:58:25,3
529,62.64519379,11,9:58:26,3
530,59.06552673,11,9:58:27,3
530,54.55082514,11,9:58:28,3
530,52.23446616,3,9:58:29,2
530,58.91921407,3,9:58:30,2
530,54.08301034,3,9:58:31,2
531,60.36568617,3,9:58:32,2
545,54.53454418,3,9:58:33,2
542,55.14792058,3,9:58:34,2
544,53.92712777,3,9:58:35,2
545,60.1207591,3,9:58:36,2
544,50.8065895,3,9:58:37,2
544,52.46498581,3,9:58:38,2
536,53.53387219,3,9:58:39,2
538,56.11001716,3,9:58:40,2
544,55.57748944,3,9:58:41,2
538,50.78152198,3,9:58:42,2
404,67.20429227,3,9:58:43,2
329,51.70921459,3,9:58:44,2
251,57.20676013,3,9:58:45,2
361,61.79103766,3,9:58:46,2
408,59.30403402,3,9:58:47,2
541,71.4411598,3,9:58:48,2
547,75.17066844,3,9:58:49,2
547,53.49722281,3,9:58:50,2
544,51.43417664,3,9:58:51,2
543,64.66500019,3,9:58:52,2
542,51.00456706,3,9:58:53,2
542,50.44888467,3,9:58:54,2
542,59.25685362,3,9:58:55,2
543,71.68436224,3,9:58:56,2
544,57.90845092,3,9:58:57,2
542,56.86465556,3,9:58:58,2
542,80.34984893,3,9:58:59,2
543,73.27590244,3,9:59:00,2
543,57.78603405,3,9:59:01,2
542,52.92807452,3,9:59:02,2
542,58.04005783,3,9:59:03,2
542,51.68662449,3,9:59:04,2
542,54.45267845,3,9:59:05,2
542,58.91921407,3,9:59:06,2
541,71.18136668,3,9:59:07,2
540,75.99232409,3,9:59:08,2
540,62.95352648,3,9:59:09,2
541,65.51083377,3,9:59:10,2
542,58.71014532,3,9:59:11,2
540,64.27035514,3,9:59:12,2
540,56.19119429,3,9:59:13,2
540,60.06921064,3,9:59:14,2
540,62.84778932,3,9:59:15,2
540,60.10361025,3,9:59:16,2
540,58.6087919,3,9:59:17,2
540,54.50189042,3,9:59:18,2
540,57.19477132,3,9:59:19,2
543,59.53616675,3,9:59:20,2
547,78.66468257,3,9:59:21,2
546,69.72293994,3,9:59:22,2
546,63.75041442,3,9:59:23,2
521,68.59181604,3,9:59:24,2
525,74.95755412,3,9:59:25,2
526,60.92990329,3,9:59:26,2
516,67.57885397,3,9:59:27,2
520,55.57748944,3,9:59:28,2
519,75.06093123,3,9:59:29,2
506,59.19989677,3,9:59:30,2
528,61.31905961,7,9:59:31,3
526,63.73912671,7,9:59:32,3
523,62.01430173,7,9:59:33,3
411,67.57159152,7,9:59:34,3
305,52.4027211,7,9:59:35,3
349,89.33468398,7,9:59:36,3
392,81.03076781,7,9:59:37,3
550,69.55399857,7,9:59:38,3
542,60.18901792,7,9:59:39,3
399,78.11807532,7,9:59:40,3
203,81.60675646,7,9:59:41,3
287,89.68599679,7,9:59:42,3
501,89.73484191,7,9:59:43,3
510,61.06156887,7,9:59:44,3
509,64.13651752,7,9:59:45,3
511,64.13651752,7,9:59:46,3
511,60.62816929,7,9:59:47,3
511,63.7447724,7,9:59:48,3
511,56.97609402,7,9:59:49,3
512,63.37584041,7,9:59:50,3
494,68.31948823,7,9:59:51,3
429,66.53899988,7,9:59:52,3
495,62.60023899,2,9:59:53,2
494,60.50611731,2,9:59:54,2
497,69.36399172,2,9:59:55,2
500,63.7447724,2,9:59:56,2
499,67.80456725,2,9:59:57,2
500,69.35512102,2,9:59:58,2
500,61.25915668,2,9:59:59,2
455,63.90137993,2,10:00:00,2
458,70.98987426,2,10:00:01,2
463,75.67521391,2,10:00:02,2
436,79.64904303,2,10:00:03,2
405,71.69340769,2,10:00:04,2
492,81.67148559,2,10:00:05,2
494,66.68907502,2,10:00:06,2
509,67.78332169,2,10:00:07,2
488,65.08128906,2,10:00:08,2
505,75.07012914,2,10:00:09,2
507,64.92504625,2,10:00:10,2
507,70.67035724,2,10:00:11,2
505,69.72860958,2,10:00:12,2
505,71.2029168,2,10:00:13,2
505,73.45488397,2,10:00:14,2
506,64.78598958,2,10:00:15,2
505,65.07644877,2,10:00:16,2
506,75.11139961,2,10:00:17,2
506,64.56287215,2,10:00:18,2
506,75.10377171,2,10:00:19,2
506,73.2211017,2,10:00:20,2
505,72.181211,2,10:00:21,2
505,82.55763887,2,10:00:22,2
504,88.6301701,2,10:00:23,2
503,89.39143345,2,10:00:24,2
497,69.64889584,2,10:00:25,2
501,81.90199159,2,10:00:26,2
500,71.26962171,2,10:00:27,2
500,71.26962171,2,10:00:28,2
500,71.26962171,2,10:00:29,2
500,71.26962171,2,10:00:30,2
500,71.26962171,2,10:00:31,2
500,71.26962171,2,10:00:32,2
500,71.26962171,2,10:00:33,2
500,71.26962171,2,10:00:37,2
500,71.26962171,2,10:00:38,2
500,71.26962171,2,10:00:39,2
500,71.26962171,2,10:00:40,2
500,71.26962171,2,10:00:41,2
500,71.26962171,2,10:00:42,2
500,71.26962171,2,10:00:43,2
500,71.26962171,2,10:00:44,2
500,71.26962171,2,10:00:45,2
500,71.26962171,2,10:00:46,2
500,71.26962171,2,10:00:47,2
500,71.26962171,2,10:01:00,2
500,71.26962171,2,10:01:01,2
500,71.26962171,2,10:01:02,2
500,71.26962171,2,10:01:03,2
500,71.26962171,2,10:01:04,2
500,71.26962171,2,10:01:05,2
500,71.26962171,2,10:01:06,2
500,71.26962171,2,10:01:07,2
500,71.26962171,2,10:01:08,2
500,71.26962171,2,10:01:09,2
500,71.26962171,2,10:01:10,2
500,71.26962171,2,10:01:11,2
500,71.26962171,2,10:03:15,2
67,69.72577522,2,16:11:02,2
53,69.11516406,2,16:11:03,2
68,68.55945427,2,16:11:04,2
67,66.64472831,2,16:11:05,2
68,65.87167027,2,16:11:06,2
68,64.28627795,2,16:11:07,2
68,65.36687828,2,16:11:08,2
68,63.39348868,2,16:11:09,2
67,64.27566599,2,16:11:10,2
68,69.48432528,2,16:11:11,2
68,64.93981398,2,16:11:12,2
68,67.20808109,2,16:11:13,2
68,67.81517057,2,16:11:14,2
68,67.14726061,2,16:11:15,2
68,64.84088479,2,16:11:16,2
68,64.14191081,2,16:11:17,2
67,65.86725109,2,16:11:18,2
68,65.77392521,2,16:11:19,2
67,67.38060444,2,16:11:20,2
67,68.17497212,2,16:11:21,2
68,64.95946533,2,16:11:22,2
68,66.66491398,2,16:11:23,2
68,65.52923608,2,16:11:24,2
68,67.11668992,2,16:11:25,2
67,67.25341859,2,16:11:26,2
68,66.26046221,2,16:11:27,2
68,68.00384977,2,16:11:28,2
68,65.32933791,2,16:11:29,2
68,65.81404487,2,16:11:30,2
68,65.72463708,2,16:11:31,2
68,66.6608806,2,16:11:32,2
68,70.1517208,2,16:11:33,2
68,69.32845445,2,16:11:34,2
68,64.459529,2,16:11:35,2
68,64.96927435,2,16:11:36,2
68,66.70915801,2,16:11:37,2
68,65.00840005,2,16:11:38,2
68,68.86212913,2,16:11:39,2
68,66.61233335,2,16:11:40,2
68,75.09766457,2,16:11:41,2
68,64.61408627,2,16:11:42,2
68,64.61408627,2,16:11:43,2
68,64.02794249,2,16:11:44,2
68,67.03592614,2,16:11:45,2
68,66.83660114,2,16:11:46,2
68,67.26471609,2,16:11:47,2
68,67.86096933,2,16:11:48,2
68,67.81163757,2,16:11:49,2
68,69.27487442,2,16:11:50,2
68,67.91002249,2,16:11:51,2
68,70.20821896,2,16:11:52,2
69,65.11991453,2,16:11:53,2
68,65.74259241,2,16:11:54,2
68,67.29101991,5,16:11:55,3
68,66.96999141,5,16:11:56,3
69,67.03592614,5,16:11:57,3
69,66.3696145,5,16:11:58,3
68,66.46091471,5,16:11:59,3
68,66.69309534,5,16:12:00,3
68,66.76912987,5,16:12:01,3
68,64.59363685,5,16:12:02,3
68,66.94660031,5,16:12:03,3
68,66.49387828,5,16:12:04,3
69,67.20808109,5,16:12:05,3
68,67.03592614,5,16:12:06,3
68,69.43463303,5,16:12:07,3
68,68.9369542,5,16:12:08,3
68,66.11562303,5,16:12:09,3
68,67.08216878,5,16:12:10,3
68,65.31521833,5,16:12:11,3
68,67.69065231,5,16:12:12,3
68,67.67271737,5,16:12:13,3
68,64.84088479,5,16:12:14,3
68,66.04228754,5,16:12:15,3
67,66.3696145,5,16:12:16,3
67,67.14726061,5,16:12:17,3
68,67.65474532,5,16:12:18,3
69,64.46991882,5,16:12:19,3
68,66.08550101,5,16:12:20,3
69,66.78902883,5,16:12:21,3
69,65.27745354,5,16:12:22,3
66,65.02302686,5,16:12:23,3
72,77.92501125,5,16:12:24,3
61,67.41396185,5,16:12:25,3
60,68.19866247,5,16:12:26,3
59,67.11668992,5,16:12:27,3
60,65.11027426,5,16:12:28,3
71,66.96999141,5,16:12:29,3
71,67.29101991,5,16:12:30,3
72,69.43463303,5,16:12:31,3
73,68.49763273,5,16:12:32,3
73,66.70514513,5,16:12:33,3
72,66.91923084,5,16:12:34,3
17,68.28609376,5,16:12:35,3
58,75.78314984,5,16:12:36,3
59,67.6583427,5,16:12:37,3
58,69.96621108,5,16:12:38,3
59,72.17907399,5,16:12:39,3
71,68.20879572,5,16:12:40,3
72,65.02302686,5,16:12:41,3
71,65.52923608,5,16:12:42,3
71,67.68348278,5,16:12:43,3
67,67.53883514,5,16:12:44,3
61,66.13278882,5,16:12:45,3
14,89.22876992,5,16:12:46,3
14,65.26798663,5,16:12:47,3
14,65.71114618,5,16:12:48,3
13,66.31101069,5,16:12:49,3
13,66.61233335,5,16:12:50,3
21,66.87604666,5,16:12:51,3
21,64.98885923,5,16:12:52,3
17,64.81098497,5,16:12:53,3
14,64.80599164,5,16:12:54,3
33,70.69574717,5,16:12:55,3
18,66.91923084,5,16:12:56,3
13,67.32472247,5,16:12:57,3
53,67.65474532,5,16:12:58,3
29,65.82293523,5,16:12:59,3
33,66.3987688,5,16:13:00,3
50,67.46927443,5,16:13:01,3
16,66.44438589,5,16:13:02,3
16,67.88553054,5,16:13:03,3
16,66.72519104,5,16:13:04,3
15,65.39492746,5,16:13:05,3
15,63.94561116,5,16:13:06,3
15,67.6583427,5,16:13:07,3
15,67.00883713,5,16:13:08,3
15,65.22525738,5,16:13:09,3
17,68.39581172,5,16:13:10,3
16,68.50742333,5,16:13:11,3
16,67.76912905,5,16:13:12,3
16,68.69776242,5,16:13:13,3
15,67.21943767,5,16:13:14,3
16,67.70497365,5,16:13:15,3
15,65.85398006,5,16:13:16,3
15,69.02651617,5,16:13:17,3
15,67.49130121,5,16:13:18,3
70,68.00730547,5,16:13:19,3
65,67.15107439,5,16:13:20,3
42,67.41396185,5,16:13:21,3
41,78.11591761,5,16:13:22,3
41,67.941411,5,16:13:23,3
40,67.68348278,5,16:13:24,3
51,66.29419386,5,16:13:25,3
55,75.29845969,5,16:13:26,3
45,65.39492746,5,16:13:27,3
60,65.60701386,5,16:13:28,3
64,90.30873362,5,16:13:29,3
64,64.50618563,5,16:13:30,3
55,68.21217085,5,16:13:31,3
56,70.28564096,5,16:13:32,3
64,68.86212913,5,16:13:33,3
70,66.84845362,5,16:13:34,3
69,73.7932793,5,16:13:35,3
69,69.06942467,5,16:13:36,3
69,64.73074523,5,16:13:37,3
69,68.11034214,5,16:13:38,3
69,66.22659905,5,16:13:39,3
69,66.44024877,5,16:13:40,3
69,66.45678545,5,16:13:41,3
69,66.00321074,5,16:13:42,3
69,64.06609832,5,16:13:43,3
69,65.81849119,5,16:13:44,3
69,65.97706153,5,16:13:45,3
70,66.57981711,5,16:13:46,3
70,64.73578199,5,16:13:47,3
70,64.88059178,5,16:13:48,3
70,64.68021635,5,16:13:49,3
69,66.46916734,5,16:13:50,3
70,64.27035514,5,16:13:51,3
69,64.88059178,5,16:13:52,3
69,64.70551753,5,16:13:53,3
70,67.13580921,5,16:13:54,3
69,69.07248147,5,16:13:55,3
70,70.16520611,5,16:13:56,3
70,68.36934042,5,16:13:57,3
69,66.18834452,5,16:13:58,3
69,65.19665398,5,16:13:59,3
69,63.17930521,5,16:14:00,3
69,63.43452907,5,16:14:01,3
69,64.30217162,5,16:14:02,3
69,64.97417471,5,16:14:03,3
69,65.21096745,5,16:14:04,3
69,64.82594774,5,16:14:05,3
69,63.87917956,5,16:14:06,3
70,65.88050188,5,16:14:07,3
69,63.17930521,5,16:14:08,3
69,62.64519379,5,16:14:09,3
61,66.04661857,5,16:14:10,3
65,65.84955187,5,16:14:11,3
65,66.79697566,5,16:14:12,3
63,67.3209842,5,16:14:13,3
68,69.24496431,5,16:14:14,3
63,69.28680969,5,16:14:15,3
71,79.38831825,5,16:14:16,3
25,67.83281407,5,16:14:17,3
19,72.19402205,5,16:14:18,3
28,77.74671861,5,16:14:19,3
13,83.63115548,5,16:14:20,3
7,64.54230165,5,16:14:21,3
7,73.02749888,5,16:14:22,3
7,80.71579666,5,16:14:23,3
8,64.50618563,5,16:14:24,3
7,65.73810706,5,16:14:25,3
22,64.22241083,5,16:14:26,3
42,65.7560346,5,16:14:27,3
15,67.66912593,5,16:14:28,3
12,90.03186479,5,16:14:29,3
15,63.61398403,5,16:14:30,3
15,63.61398403,5,16:14:31,3
15,63.61398403,5,16:14:32,3
15,63.61398403,5,16:14:33,3
15,63.61398403,5,16:14:34,3
15,63.61398403,5,16:14:35,3
15,63.61398403,5,16:14:36,3
15,63.61398403,5,16:14:37,3
15,63.61398403,5,16:14:38,3
15,63.61398403,5,16:14:39,3
15,74.99627171,5,16:14:40,3
86,77.46059624,5,16:21:38,3
64,75.39935603,5,16:21:39,3
52,74.76450896,5,16:21:40,3
53,76.53703896,5,16:21:41,3
56,75.46695084,5,16:21:42,3
55,75.47719105,5,16:21:43,3
53,75.00245054,5,16:21:44,3
53,75.6594799,5,16:21:45,3
52,74.53780281,5,16:21:46,3
84,75.68663896,5,16:21:47,3
83,73.79505392,5,16:21:48,3
84,75.04250615,5,16:21:49,3
81,72.36932984,5,16:21:50,3
80,73.24949008,5,16:21:51,3
80,73.32286855,5,16:21:52,3
81,75.99507933,5,16:21:53,3
80,76.99821117,5,16:21:54,3
82,75.49325845,5,16:21:55,3
83,77.37406405,5,16:21:56,3
78,74.83091034,5,16:21:57,3
79,74.96065788,5,16:21:58,3
60,75.06859683,5,16:21:59,3
62,76.81215758,5,16:22:00,3
60,75.92176857,8,16:22:01,3
67,75.85483572,8,16:22:02,3
82,75.66377382,8,16:22:03,3
82,77.78154985,8,16:22:04,3
57,74.80093448,8,16:22:05,3
56,76.55126223,8,16:22:06,3
56,75.37867884,8,16:22:07,3
54,74.6446576,8,16:22:08,3
53,75.66091144,8,16:22:09,3
50,75.74495761,8,16:22:10,3
50,75.63510749,8,16:22:11,3
50,78.02916643,8,16:22:12,3
52,75.70944407,8,16:22:13,3
51,74.49534491,8,16:22:14,3
49,73.65192583,8,16:22:15,3
50,74.70399097,8,16:22:16,3
49,76.51890286,8,16:22:17,3
52,74.06926684,8,16:22:18,3
48,77.40339442,8,16:22:19,3
50,76.81591798,8,16:22:20,3
50,75.7122905,8,16:22:21,3
49,75.44643413,8,16:22:22,3
49,75.14336384,8,16:22:23,3
50,75.500552,8,16:22:24,3
49,73.14111706,8,16:22:25,3
50,75.87441114,8,16:22:26,3
48,74.66876054,8,16:22:27,3
51,76.54609282,8,16:22:28,3
49,75.85203562,8,16:22:29,3
49,74.7866992,8,16:22:30,3
49,76.86714757,8,16:22:31,3
48,77.76021824,8,16:22:32,3
48,74.80725379,8,16:22:33,3
49,74.05377936,8,16:22:34,3
45,78.11375935,8,16:22:35,3
48,73.38261695,8,16:22:36,3
47,74.74862401,8,16:22:37,3
47,77.19117145,8,16:22:38,3
47,75.66949575,8,16:22:39,3
47,74.88898915,8,16:22:40,3
47,76.15881442,8,16:22:41,3
48,76.14393321,8,16:22:42,3
48,77.54051232,8,16:22:43,3
51,76.4210951,8,16:22:44,3
47,76.32217341,8,16:22:45,3
47,71.74298997,8,16:22:46,3
47,74.74385285,8,16:22:47,3
47,74.48551739,8,16:22:48,3
46,72.85324663,8,16:22:49,3
47,75.63510749,8,16:22:50,3
47,72.7637928,8,16:22:51,3
52,74.2125003,8,16:22:52,3
48,74.93890819,8,16:22:53,3
44,74.71038118,8,16:22:54,3
53,76.05957711,8,16:22:55,3
49,75.49325845,8,16:22:56,3
54,76.32217341,8,16:22:57,3
64,74.32173708,8,16:22:58,3
99,77.23785381,8,16:22:59,3
93,77.23785381,8,16:23:00,3
120,82.30888167,8,16:23:01,3
119,75.78314984,8,16:23:02,3
107,76.14393321,8,16:23:03,3
117,77.48267558,8,16:23:04,3
116,73.30035651,8,16:23:05,3
104,71.87900591,8,16:23:06,3
104,76.17097102,8,16:23:07,3
94,74.72793005,8,16:23:08,3
94,73.79150432,8,16:23:09,3
93,75.02558208,8,16:23:10,3
93,74.70399097,8,16:23:11,3
93,73.50273009,8,16:23:12,3
92,74.18879148,8,16:23:13,3
89,75.59625726,8,16:23:14,3
88,90.30873362,8,16:23:15,3
83,72.08019865,8,16:23:16,3
80,74.83878155,8,16:23:17,3
80,74.83878155,0,16:23:18,0
80,74.83878155,0,16:23:19,0
80,74.83878155,0,16:23:20,0
80,74.83878155,0,16:23:21,0
80,74.83878155,0,16:23:22,0
80,74.46254318,0,16:23:23,0
2761,74.03826422,0,16:27:32,0
2732,70.95795435,0,16:27:33,0
2686,72.84533238,0,16:27:34,0
2694,71.82797103,0,16:27:35,0
2761,79.25496107,0,16:27:36,0
2717,71.49451167,0,16:27:37,0
2710,73.33971437,0,16:27:38,0
2710,74.79461057,0,16:27:39,0
2705,73.0139196,0,16:27:40,0
2706,73.4030609,0,16:27:41,0
2740,73.54666303,0,16:27:42,0
2720,74.05033395,0,16:27:43,0
2727,73.36585421,0,16:27:44,0
2753,74.25467718,0,16:27:45,0
2719,73.1945219,0,16:27:46,0
2722,72.42144742,0,16:27:47,0
2717,74.50025451,0,16:27:48,0
2762,71.8190647,0,16:27:49,0
2709,70.97024513,0,16:27:50,0
2714,71.95609685,0,16:27:51,0
2717,74.71676669,0,16:27:52,0
2718,72.31058447,0,16:27:53,0
2739,75.07319295,0,16:27:54,0
2719,72.61262488,0,16:27:55,0
2729,74.15821331,0,16:27:56,0
2736,72.98669717,0,16:27:57,0
2732,74.94668219,0,16:27:58,0
2737,74.65269935,0,16:27:59,0
2769,72.44428046,0,16:28:00,0
2739,72.71771371,0,16:28:01,0
2743,72.79172173,0,16:28:02,0
2757,72.07154736,0,16:28:03,0
2753,71.9670542,0,16:28:04,0
2753,73.34158411,0,16:28:05,0
2751,76.52279236,0,16:28:06,0
2751,71.76767537,0,16:28:07,0
2756,75.10071868,0,16:28:08,0
2753,74.14629267,0,16:28:09,0
2780,73.72020583,0,16:28:10,0
2780,74.9171039,0,16:28:11,0
2760,79.1368098,1,16:28:12,1
2815,72.25143908,1,16:28:13,1
2810,73.90963353,1,16:28:14,1
2739,73.90963353,1,16:28:15,1
2652,77.12006908,1,16:28:16,1
2655,76.3539511,1,16:28:17,1
2656,77.35524049,1,16:28:18,1
2675,76.52408847,1,16:28:19,1
2775,73.05459392,1,16:28:20,1
2767,75.79584335,1,16:28:21,1
2676,80.37567378,1,16:28:22,1
2650,76.49942922,1,16:28:23,1
2559,74.81830153,1,16:28:24,1
2562,73.48435891,1,16:28:25,1
2637,77.916183,1,16:28:26,1
2649,74.33508715,1,16:28:27,1
2536,74.0261777,1,16:28:28,1
2397,77.6800385,1,16:28:29,1
2568,73.11620989,1,16:28:30,1
2602,74.88585966,1,16:28:31,1
2519,73.03524895,1,16:28:32,1
2526,72.76978514,1,16:28:33,1
2529,73.40862819,1,16:28:34,1
2589,75.09919175,1,16:28:35,1
2546,72.40896769,1,16:28:36,1
2591,72.64104333,1,16:28:37,1
2631,74.6478752,1,16:28:38,1
2633,73.0100359,1,16:28:39,1
2619,71.80345663,1,16:28:40,1
2602,74.18200563,1,16:28:41,1
2608,74.12752712,1,16:28:42,1
2627,72.71972224,1,16:28:43,1
2636,76.03356118,1,16:28:44,1
2614,74.7977731,1,16:28:45,1
2622,74.12581915,1,16:28:46,1
2617,73.4401089,1,16:28:47,1
2564,73.53021421,1,16:28:48,1
2614,73.60671027,1,16:28:49,1
2585,74.69279678,1,16:28:50,1
2537,74.99781683,1,16:28:51,1
2581,72.34839493,1,16:28:52,1
2596,73.00615046,1,16:28:53,1
2578,71.55672683,1,16:28:54,1
2589,73.88332592,1,16:28:55,1
2591,72.77577334,1,16:28:56,1
2554,72.99059132,1,16:28:57,1
2548,73.01780156,1,16:28:58,1
2582,74.42796751,1,16:28:59,1
2583,72.81161613,1,16:29:00,1
2556,79.38365718,1,16:29:01,1
2576,74.63982898,1,16:29:02,1
2599,74.24120285,1,16:29:03,1
2561,76.85842242,1,16:29:04,1
2548,76.98961674,1,16:29:05,1
2554,73.94109785,1,16:29:06,1
2559,75.90925789,1,16:29:07,1
2562,74.94046355,1,16:29:08,1
2562,75.10224533,1,16:29:09,1
2586,78.46798932,1,16:29:10,1
2583,73.60308283,1,16:29:11,1
2545,73.54483692,1,16:29:12,1
2547,74.66555068,1,16:29:13,1
2574,79.89777591,1,16:29:14,1
2585,77.06422669,1,16:29:15,1
2543,73.28343411,1,16:29:16,1
2540,78.94965473,1,16:29:17,1
2567,76.4864225,1,16:29:18,1
2527,75.06859683,1,16:29:19,1
2530,74.01061314,1,16:29:20,1
2526,76.31155497,1,16:29:21,1
2527,75.99783369,1,16:29:22,1
2550,74.82933524,1,16:29:23,1
2508,75.82679408,1,16:29:24,1
2502,76.4681803,1,16:29:25,1
2500,78.47316844,1,16:29:26,1
2494,77.72530118,1,16:29:27,1
2520,73.67714411,1,16:29:28,1
2505,74.79935394,1,16:29:29,1
2483,76.59893392,1,16:29:30,1
2484,74.48551739,1,16:29:31,1
2481,75.99645662,1,16:29:32,1
2471,77.00066515,1,16:29:33,1
2552,77.6607302,1,16:29:34,1
2544,73.40862819,1,16:29:35,1
2540,74.77719604,1,16:29:36,1
2536,74.7613343,1,16:29:37,1
2538,73.53387219,1,16:29:38,1
2539,76.57835123,1,16:29:39,1
2517,71.62305784,1,16:29:40,1
2517,71.39917636,1,16:29:41,1
2585,75.60634624,1,16:29:42,1
2593,71.1765705,1,16:29:43,1
2560,68.7834948,1,16:29:44,1
2554,69.03572871,1,16:29:45,1
2564,73.18881564,1,16:29:46,1
2561,70.62191094,1,16:29:47,1
2566,71.31459576,1,16:29:48,1
2564,72.54116928,1,16:29:49,1
2561,76.94651662,1,16:29:50,1
2302,71.36872829,1,16:29:51,1
2481,73.58310483,1,16:29:52,1
2355,74.75974653,1,16:29:53,1
2230,74.75974653,1,16:29:54,1
2113,74.75974653,1,16:29:55,1
2113,74.75974653,1,16:29:56,1
2113,74.75974653,1,16:29:57,1
2113,74.75974653,1,16:29:58,1
2113,74.75974653,1,16:29:59,1
2113,74.75974653,1,16:30:00,1
2113,74.75974653,1,16:30:03,1
2113,74.75974653,4,16:30:06,2
2113,74.75974653,4,16:30:35,2
2113,74.75974653,4,16:30:36,2
2113,74.75974653,4,16:30:37,2
2113,74.75974653,4,16:30:57,2
2113,74.75974653,4,16:30:58,2
2113,74.75974653,4,16:30:59,2
2113,74.75974653,4,16:31:07,2
2113,74.75974653,4,16:31:38,2
2113,74.75974653,4,16:31:39,2
2113,74.75974653,4,16:31:40,2
17,74.75974653,4,16:31:41,2
19,74.75974653,4,16:31:42,2
49,74.75974653,4,16:31:43,2
46,74.75974653,4,16:31:44,2
41,74.75974653,4,16:31:45,2
54,74.75974653,4,16:31:46,2
30,74.75974653,4,16:31:47,2
38,74.75974653,4,16:31:48,2
40,74.75974653,4,16:31:49,2
30,74.75974653,4,16:31:50,2
28,74.75974653,4,16:31:51,2
27,74.75974653,4,16:31:52,2
27,74.75974653,4,16:31:53,2
29,74.75974653,4,16:31:54,2
29,74.75974653,4,16:31:55,2
29,74.75974653,4,16:31:56,2
29,74.75974653,4,16:31:57,2
29,74.75974653,4,16:31:58,2
29,74.75974653,4,16:31:59,2
29,74.75974653,4,16:32:00,2
29,74.75974653,4,16:32:01,2
29,74.75974653,4,16:32:02,2
29,74.75974653,4,16:32:03,2
29,74.75974653,4,16:32:04,2
29,74.75974653,4,16:32:05,2
29,74.75974653,4,16:32:06,2
29,74.75974653,4,16:32:07,2
29,74.75974653,4,16:32:08,2
29,74.75974653,4,16:32:09,2
29,74.75974653,4,16:32:10,2
29,74.75974653,4,16:32:11,2
29,74.75974653,4,16:32:12,2
29,74.75974653,4,16:32:13,2
29,74.75974653,4,16:32:14,2
29,74.75974653,4,16:32:16,2
29,74.75974653,4,16:32:17,2
29,74.75974653,4,16:32:18,2
29,74.75974653,4,16:32:19,2
29,74.75974653,4,16:32:20,2
29,74.75974653,4,16:32:21,2
29,74.75974653,4,16:32:22,2
29,74.75974653,4,16:32:23,2
29,74.75974653,4,16:32:24,2
29,74.75974653,4,16:32:27,2
29,74.75974653,4,16:32:28,2
29,74.75974653,4,16:32:29,2
29,74.75974653,4,16:32:30,2
29,74.75974653,4,16:32:31,2
29,74.75974653,4,16:32:32,2
29,74.75974653,4,16:32:33,2
29,74.75974653,4,16:32:34,2
29,74.75974653,4,16:32:35,2
29,74.75974653,4,16:32:36,2
29,74.75974653,4,16:32:37,2
29,74.75974653,4,16:32:38,2
29,74.75974653,7,16:32:39,3
29,74.75974653,7,16:32:40,3
29,74.75974653,7,16:32:41,3
29,74.75974653,7,16:32:42,3
29,74.75974653,7,16:32:43,3
29,74.75974653,7,16:32:44,3
29,74.75974653,7,16:32:45,3
29,74.75974653,7,16:32:46,3
29,74.75974653,7,16:32:47,3
29,74.75974653,7,16:32:48,3
29,74.75974653,7,16:32:49,3
29,74.75974653,7,16:32:50,3
29,74.75974653,7,16:32:51,3
29,74.75974653,7,16:32:52,3
29,74.75974653,7,16:32:53,3
29,74.75974653,7,16:32:54,3
29,74.75974653,7,16:32:55,3
29,74.75974653,7,16:32:56,3
29,74.75974653,7,16:32:57,3
29,74.75974653,7,16:32:58,3
29,74.75974653,7,16:32:59,3
29,74.75974653,7,16:33:00,3
29,74.75974653,7,16:33:01,3
29,74.75974653,7,16:33:02,3
29,74.75974653,7,16:33:03,3
29,74.75974653,7,16:33:04,3
29,74.75974653,7,16:33:05,3
29,74.75974653,7,16:33:06,3
29,74.75974653,7,16:33:07,3
29,74.75974653,7,16:33:08,3
29,74.75974653,7,16:33:09,3
29,74.75974653,7,16:33:10,3
29,74.75974653,7,16:33:11,3
29,74.75974653,7,16:33:12,3
29,74.75974653,7,16:33:13,3
29,74.75974653,7,16:33:14,3
29,74.75974653,7,16:33:15,3
29,74.75974653,7,16:33:16,3
29,74.75974653,7,16:33:17,3
29,74.75974653,7,16:33:18,3
29,74.75974653,7,16:33:19,3
29,74.75974653,7,16:33:20,3
29,74.75974653,7,16:33:21,3
29,74.75974653,7,16:33:22,3
29,74.75974653,7,16:33:23,3
29,74.75974653,7,16:33:24,3
29,74.75974653,7,16:33:25,3
29,74.75974653,7,16:33:26,3
29,74.75974653,7,16:33:27,3
29,74.75974653,7,16:33:28,3
29,74.75974653,7,16:33:29,3
29,74.75974653,7,16:33:30,3
29,74.75974653,7,16:33:31,3
29,74.75974653,7,16:33:32,3
29,74.75974653,7,16:33:33,3
29,74.75974653,7,16:33:34,3
29,74.75974653,7,16:33:35,3
29,74.75974653,7,16:33:36,3
